{
    "num_partitions": 1,
    "random_state": 42,
    "num_trials": 10,
    "fit_time": 39.98444986343384,
    "score": 0.7810320512820512
}