{
    "num_partitions": 1,
    "random_state": 42,
    "num_trials": 10,
    "fit_time": 196.9856309890747,
    "score": 0.707320237506185
}