{
    "num_partitions": 1,
    "random_state": 42,
    "num_trials": 10,
    "fit_time": 152.25590801239014,
    "score": 0.777941599281222
}