{
    "num_partitions": 1,
    "random_state": 42,
    "num_trials": 10,
    "fit_time": 209.39064645767212,
    "score": 0.7344589207583859
}