{
    "num_partitions": 1,
    "random_state": 42,
    "num_trials": 10,
    "fit_time": 12.057528018951416,
    "score": 0.8867111111111111
}