{
    "num_partitions": 1,
    "random_state": 42,
    "num_trials": 10,
    "fit_time": 222.0640423297882,
    "score": 0.7805565610859728
}