{
    "num_partitions": 1,
    "random_state": 42,
    "num_trials": 10,
    "fit_time": 138.866943359375,
    "score": 0.7678557359595423
}