{
    "num_partitions": 1,
    "random_state": 42,
    "num_trials": 10,
    "fit_time": 212.49644780158997,
    "score": 0.8315555555555555
}