{
    "num_partitions": 1,
    "random_state": 42,
    "num_trials": 10,
    "fit_time": 29.621073246002197,
    "score": 0.7911923076923076
}