{
    "num_partitions": 1,
    "random_state": 42,
    "num_trials": 10,
    "fit_time": 120.47761631011963,
    "score": 0.7897092853670394
}