{
    "num_partitions": 1,
    "random_state": 42,
    "num_trials": 10,
    "fit_time": 9.801085233688354,
    "score": 0.9078222222222221
}